{"mean":{"confidence_interval":{"confidence_level":0.95,"lower_bound":0.0210932678091257,"upper_bound":0.03745033179227785},"point_estimate":0.02900858042514831,"standard_error":0.004175868643441241},"median":{"confidence_interval":{"confidence_level":0.95,"lower_bound":0.015121547193369889,"upper_bound":0.034572945976091285},"point_estimate":0.024918664426915038,"standard_error":0.004909734984072532}}