{"mean":{"confidence_interval":{"confidence_level":0.95,"lower_bound":-0.003929552899832425,"upper_bound":0.0050090800894264645},"point_estimate":0.0007453300914184169,"standard_error":0.0022759516547825125},"median":{"confidence_interval":{"confidence_level":0.95,"lower_bound":0.002642865936983136,"upper_bound":0.004473239156290054},"point_estimate":0.0034753740844419845,"standard_error":0.0004731850433926736}}