{"mean":{"confidence_interval":{"confidence_level":0.95,"lower_bound":0.0017975937019289348,"upper_bound":0.0065510143837878496},"point_estimate":0.004341007643955397,"standard_error":0.0012252818213815445},"median":{"confidence_interval":{"confidence_level":0.95,"lower_bound":0.002774519511790426,"upper_bound":0.006227978172332005},"point_estimate":0.004630861110826334,"standard_error":0.0008754821380909906}}