{"mean":{"confidence_interval":{"confidence_level":0.95,"lower_bound":-0.01931902438637644,"upper_bound":-0.006362245469161974},"point_estimate":-0.012423901733999765,"standard_error":0.003304139875556198},"median":{"confidence_interval":{"confidence_level":0.95,"lower_bound":-0.014790218136529294,"upper_bound":-0.005946319542940559},"point_estimate":-0.010571955669970934,"standard_error":0.0021911596080790466}}