{"mean":{"confidence_interval":{"confidence_level":0.95,"lower_bound":0.015526873717515367,"upper_bound":0.06994988869929405},"point_estimate":0.043094058600750884,"standard_error":0.013851109638950242},"median":{"confidence_interval":{"confidence_level":0.95,"lower_bound":0.01929004427519465,"upper_bound":0.07003132003820145},"point_estimate":0.044952539429978566,"standard_error":0.012956091420324028}}