{"mean":{"confidence_interval":{"confidence_level":0.95,"lower_bound":0.0023929657601566793,"upper_bound":0.01731182048716027},"point_estimate":0.010374508528123494,"standard_error":0.0037913065245994975},"median":{"confidence_interval":{"confidence_level":0.95,"lower_bound":0.00442225451340238,"upper_bound":0.012457092098291822},"point_estimate":0.008105281508754336,"standard_error":0.001960480282286011}}