{"mean":{"confidence_interval":{"confidence_level":0.95,"lower_bound":-0.006396150249872445,"upper_bound":0.0012127451127188014},"point_estimate":-0.0026817007331014775,"standard_error":0.0019467107211943548},"median":{"confidence_interval":{"confidence_level":0.95,"lower_bound":-0.0033846789096959595,"upper_bound":0.0029110333942139466},"point_estimate":0.00031120528997252705,"standard_error":0.0015316876060231489}}