{"mean":{"confidence_interval":{"confidence_level":0.95,"lower_bound":0.004902364896828425,"upper_bound":0.0398402219391134},"point_estimate":0.022578171685438964,"standard_error":0.008953786445912071},"median":{"confidence_interval":{"confidence_level":0.95,"lower_bound":0.01926696228841407,"upper_bound":0.05516633720191977},"point_estimate":0.03955182755970754,"standard_error":0.009404694231665532}}