{"mean":{"confidence_interval":{"confidence_level":0.95,"lower_bound":-0.013379568157156692,"upper_bound":0.008996707199567355},"point_estimate":-0.0035958646504263836,"standard_error":0.005874571962502727},"median":{"confidence_interval":{"confidence_level":0.95,"lower_bound":-0.014124070485436069,"upper_bound":0.0003658300431463868},"point_estimate":-0.007001918229785242,"standard_error":0.0036949732162335014}}