{"mean":{"confidence_interval":{"confidence_level":0.95,"lower_bound":-0.03532199397524215,"upper_bound":-0.006986245436512542},"point_estimate":-0.019503820444521702,"standard_error":0.007302924012634086},"median":{"confidence_interval":{"confidence_level":0.95,"lower_bound":-0.005921404359384486,"upper_bound":0.0010250747349831446},"point_estimate":-0.0021576541908947533,"standard_error":0.001743846201432888}}