{"mean":{"confidence_interval":{"confidence_level":0.95,"lower_bound":-0.03178446296325522,"upper_bound":0.0002565340407686342},"point_estimate":-0.014768482014798412,"standard_error":0.00818977733382024},"median":{"confidence_interval":{"confidence_level":0.95,"lower_bound":-0.018565000199885693,"upper_bound":0.004459825102106407},"point_estimate":-0.010999556090948936,"standard_error":0.006201895890364724}}