{"mean":{"confidence_interval":{"confidence_level":0.95,"lower_bound":-0.002268350304711988,"upper_bound":0.0037543740646007843},"point_estimate":0.0007932394942271603,"standard_error":0.0015384688077953546},"median":{"confidence_interval":{"confidence_level":0.95,"lower_bound":-0.0011760583818777315,"upper_bound":0.003630169574626585},"point_estimate":0.001507557494068612,"standard_error":0.0012571574592797413}}