{"mean":{"confidence_interval":{"confidence_level":0.95,"lower_bound":0.025335592088592852,"upper_bound":0.039326891556651034},"point_estimate":0.03228251756945277,"standard_error":0.003567822552984817},"median":{"confidence_interval":{"confidence_level":0.95,"lower_bound":0.021025799135730328,"upper_bound":0.03805318433249916},"point_estimate":0.02677194860838772,"standard_error":0.004204246245655263}}