{"mean":{"confidence_interval":{"confidence_level":0.95,"lower_bound":0.05423571432689671,"upper_bound":0.06639261353937861},"point_estimate":0.059989600207162486,"standard_error":0.0031047983086530885},"median":{"confidence_interval":{"confidence_level":0.95,"lower_bound":0.04976913568266775,"upper_bound":0.0637746577452889},"point_estimate":0.056890788490192135,"standard_error":0.003636619868735424}}