{"mean":{"confidence_interval":{"confidence_level":0.95,"lower_bound":-0.04375948877965758,"upper_bound":-0.015265977303224397},"point_estimate":-0.03004902058531056,"standard_error":0.0071921509492192},"median":{"confidence_interval":{"confidence_level":0.95,"lower_bound":-0.038831133702310255,"upper_bound":-0.0017341461462359042},"point_estimate":-0.013606589169343986,"standard_error":0.009947059888392151}}