{"mean":{"confidence_interval":{"confidence_level":0.95,"lower_bound":0.002764528502648606,"upper_bound":0.009725745181010895},"point_estimate":0.00583462919936828,"standard_error":0.0017958940525695975},"median":{"confidence_interval":{"confidence_level":0.95,"lower_bound":0.00033004142193515716,"upper_bound":0.00398992227482002},"point_estimate":0.002345720343436275,"standard_error":0.000931151731833535}}