{"mean":{"confidence_interval":{"confidence_level":0.95,"lower_bound":-0.005807615738484816,"upper_bound":0.007126962383919411},"point_estimate":0.0006672587093516924,"standard_error":0.003307834675588972},"median":{"confidence_interval":{"confidence_level":0.95,"lower_bound":0.0027877390868538132,"upper_bound":0.010714815407454559},"point_estimate":0.006160906253106724,"standard_error":0.002069530811276369}}