{"mean":{"confidence_interval":{"confidence_level":0.95,"lower_bound":-0.01356757839059386,"upper_bound":0.005648692377565111},"point_estimate":-0.0022966069540802936,"standard_error":0.005000250861908882},"median":{"confidence_interval":{"confidence_level":0.95,"lower_bound":-0.002809687947712969,"upper_bound":0.004610903046482928},"point_estimate":0.0008377159166270687,"standard_error":0.0018786887961372775}}