{"mean":{"confidence_interval":{"confidence_level":0.95,"lower_bound":0.008446476353595729,"upper_bound":0.02279158179899183},"point_estimate":0.014853444821649076,"standard_error":0.0038965376738211875},"median":{"confidence_interval":{"confidence_level":0.95,"lower_bound":0.0031206343845187057,"upper_bound":0.0072581478182615015},"point_estimate":0.005865985066316082,"standard_error":0.0011565373957878387}}