{"mean":{"confidence_interval":{"confidence_level":0.95,"lower_bound":-0.03846291201078882,"upper_bound":-0.006557061491987782},"point_estimate":-0.02173472812551247,"standard_error":0.008152007887341817},"median":{"confidence_interval":{"confidence_level":0.95,"lower_bound":-0.01819281813442053,"upper_bound":-0.00828988360162286},"point_estimate":-0.012371125801228677,"standard_error":0.002476284235995797}}