{"mean":{"confidence_interval":{"confidence_level":0.95,"lower_bound":0.01729606652324776,"upper_bound":0.05465720849891184},"point_estimate":0.03531266206547068,"standard_error":0.009676216867545282},"median":{"confidence_interval":{"confidence_level":0.95,"lower_bound":0.007096149053034573,"upper_bound":0.015447127946264905},"point_estimate":0.010535868874754772,"standard_error":0.0020180535881040356}}