{"mean":{"confidence_interval":{"confidence_level":0.95,"lower_bound":-0.04632726330153067,"upper_bound":-0.015855122139555564},"point_estimate":-0.030538245906530315,"standard_error":0.007740646283787797},"median":{"confidence_interval":{"confidence_level":0.95,"lower_bound":-0.026547532788914502,"upper_bound":-0.017635943042960567},"point_estimate":-0.023419562678321904,"standard_error":0.002309271756110335}}