{"mean":{"confidence_interval":{"confidence_level":0.95,"lower_bound":-0.037627984929533016,"upper_bound":-0.003109838631091431},"point_estimate":-0.016713617598394848,"standard_error":0.00914305716448546},"median":{"confidence_interval":{"confidence_level":0.95,"lower_bound":-0.011322907138851201,"upper_bound":-0.0001762819817218153},"point_estimate":-0.004982824330490687,"standard_error":0.002798715842482003}}