{"mean":{"confidence_interval":{"confidence_level":0.95,"lower_bound":-0.0015210997861188865,"upper_bound":0.027651523403245504},"point_estimate":0.011804642420326195,"standard_error":0.007347796300021724},"median":{"confidence_interval":{"confidence_level":0.95,"lower_bound":0.00269327219660521,"upper_bound":0.008320339589996673},"point_estimate":0.005829262151163084,"standard_error":0.001491165279841546}}