{"mean":{"confidence_interval":{"confidence_level":0.95,"lower_bound":160.49688804947297,"upper_bound":161.35746858537217},"point_estimate":160.90198808794395,"standard_error":0.22055128624239198},"median":{"confidence_interval":{"confidence_level":0.95,"lower_bound":160.2326535851119,"upper_bound":160.69588160431533},"point_estimate":160.5188811895101,"standard_error":0.11931604349818715},"median_abs_dev":{"confidence_interval":{"confidence_level":0.95,"lower_bound":0.8567691245371462,"upper_bound":1.795282779729025},"point_estimate":1.32797896995765,"standard_error":0.2539135902534835},"slope":{"confidence_interval":{"confidence_level":0.95,"lower_bound":160.1694898136569,"upper_bound":161.11459441595804},"point_estimate":160.608676407105,"standard_error":0.2413375206354108},"std_dev":{"confidence_interval":{"confidence_level":0.95,"lower_bound":1.4911645615736797,"upper_bound":2.915137029183772},"point_estimate":2.1885479301725708,"standard_error":0.3790744221548439}}