{"mean":{"confidence_interval":{"confidence_level":0.95,"lower_bound":-0.023437505065155517,"upper_bound":-0.005298447009785273},"point_estimate":-0.01340751151293651,"standard_error":0.004663670488430233},"median":{"confidence_interval":{"confidence_level":0.95,"lower_bound":-0.010137829684496724,"upper_bound":-0.002237733200471159},"point_estimate":-0.006659849078100577,"standard_error":0.0018757797718240825}}