{"mean":{"confidence_interval":{"confidence_level":0.95,"lower_bound":-0.008126155785064136,"upper_bound":0.004470606767090821},"point_estimate":-0.0014992953319254987,"standard_error":0.003200092106117995},"median":{"confidence_interval":{"confidence_level":0.95,"lower_bound":-0.002861490557584112,"upper_bound":0.0052351033761164345},"point_estimate":0.0019596782975308535,"standard_error":0.0019005225028257665}}