{"mean":{"confidence_interval":{"confidence_level":0.95,"lower_bound":-0.0048094642960883815,"upper_bound":0.0007194738638719554},"point_estimate":-0.0019546505114302892,"standard_error":0.001406465558210908},"median":{"confidence_interval":{"confidence_level":0.95,"lower_bound":-0.0012595822314078933,"upper_bound":0.001278939409114388},"point_estimate":0.0002237732848533458,"standard_error":0.0006052660136802297}}