{"mean":{"confidence_interval":{"confidence_level":0.95,"lower_bound":-0.021897546169525668,"upper_bound":-0.00006606069631771275},"point_estimate":-0.009285186076171903,"standard_error":0.005644564455176192},"median":{"confidence_interval":{"confidence_level":0.95,"lower_bound":-0.006297727645639184,"upper_bound":-0.0033079418643919833},"point_estimate":-0.0046485116235776,"standard_error":0.0007775786843264296}}