{"mean":{"confidence_interval":{"confidence_level":0.95,"lower_bound":0.01436816268256569,"upper_bound":0.024939577243971705},"point_estimate":0.01922966215758115,"standard_error":0.0025841908863235546},"median":{"confidence_interval":{"confidence_level":0.95,"lower_bound":0.003944912534616485,"upper_bound":0.022115723967710128},"point_estimate":0.005725930693548653,"standard_error":0.004079693616875069}}