{"mean":{"confidence_interval":{"confidence_level":0.95,"lower_bound":-0.0007962160254540768,"upper_bound":0.0059244441770266686},"point_estimate":0.002445249855823395,"standard_error":0.0016774382517842621},"median":{"confidence_interval":{"confidence_level":0.95,"lower_bound":-0.001949842558654602,"upper_bound":0.002234503869594562},"point_estimate":0.0000606644034599757,"standard_error":0.0010678807058208933}}