{"mean":{"confidence_interval":{"confidence_level":0.95,"lower_bound":156.68296802715523,"upper_bound":159.94110147654786},"point_estimate":158.04209736784247,"standard_error":0.846526299266692},"median":{"confidence_interval":{"confidence_level":0.95,"lower_bound":155.6029005240694,"upper_bound":156.18741086268832},"point_estimate":155.94563718860616,"standard_error":0.1593855952372446},"median_abs_dev":{"confidence_interval":{"confidence_level":0.95,"lower_bound":0.7231368060176117,"upper_bound":1.4713603060363132},"point_estimate":1.0274605739557037,"standard_error":0.18618072402536923},"slope":{"confidence_interval":{"confidence_level":0.95,"lower_bound":156.58178393085635,"upper_bound":158.82381516793964},"point_estimate":157.54788120038396,"standard_error":0.5750023125751133},"std_dev":{"confidence_interval":{"confidence_level":0.95,"lower_bound":2.626069930549923,"upper_bound":13.553319399165067},"point_estimate":8.52586091195029,"standard_error":3.089008669630149}}